title,reference,availability,price,mark,image,url
Pc Portable Lenovo V110 Pro / i3 6è Gén / 4 Go / Noir + SIM Orange 30 Go + Antivirus Bitdefender,[80TL01CYFE],En stock,"1 009,000 TND",Lenovo,https://www.tunisianet.com.tn/114821-home/pc-portable-lenovo-v110-pro-i3-6e-gen-4-go-noir-sim-orange-30-go-antivirus-bitdefender.jpg,https://www.tunisianet.com.tn/pc-portable/33128-pc-portable-lenovo-v110-pro-i3-6e-gen-4-go-noir-sim-orange-30-go-antivirus-bitdefender.html
Pc Portable Lenovo V110 Pro / i3 6è Gén / 8 Go / Noir + SIM Orange 30 Go + Antivirus Bitdefender,[80TL01CYFE-8],En stock,"1 105,000 TND",Lenovo,https://www.tunisianet.com.tn/115245-home/pc-portable-lenovo-v110-pro-i3-6e-gen-8-go-noir-sim-orange-30-go-antivirus-bitdefender.jpg,https://www.tunisianet.com.tn/pc-portable/33235-pc-portable-lenovo-v110-pro-i3-6e-gen-8-go-noir-sim-orange-30-go-antivirus-bitdefender.html
Pc Portable Lenovo V110 Pro / i3 6è Gén / 12 Go / Noir + SIM Orange 30 Go + Antivirus Bitdefender,[80TL01CYFE-12],En stock,"1 189,000 TND",Lenovo,https://www.tunisianet.com.tn/115242-home/pc-portable-lenovo-v110-pro-i3-6e-gen-12-go-noir-sim-orange-30-go-antivirus-bitdefender.jpg,https://www.tunisianet.com.tn/pc-portable/33234-pc-portable-lenovo-v110-pro-i3-6e-gen-12-go-noir-sim-orange-30-go-antivirus-bitdefender.html
Pc Portable Lenovo YOGA 330-11IGM / Dual Core / 4 Go + SIM Orange 30 Go + Antivirus Bitdefender,[81A6004HFG],En stock,"1 229,000 TND",Lenovo,https://www.tunisianet.com.tn/118565-home/pc-portable-lenovo-yoga-330-11igm-dual-core-4-go-sim-orange-30-go-antivirus-bitdefender.jpg,https://www.tunisianet.com.tn/pc-portable/33713-pc-portable-lenovo-yoga-330-11igm-dual-core-4-go-sim-orange-30-go-antivirus-bitdefender.html
Pc Portable Lenovo V110 Pro / i3 6è Gén / 20 Go / Noir + SIM Orange 30 Go + Antivirus Bitdefender,[80TL01CYFE-20],En stock,"1 379,000 TND",Lenovo,https://www.tunisianet.com.tn/115257-home/pc-portable-lenovo-v110-pro-i3-6e-gen-20-go-noir-sim-orange-30-go-antivirus-bitdefender.jpg,https://www.tunisianet.com.tn/pc-portable/33239-pc-portable-lenovo-v110-pro-i3-6e-gen-20-go-noir-sim-orange-30-go-antivirus-bitdefender.html
Pc Portable HP ProBook 440 G5 / i3 8è Gén / 4 Go + SIM Orange Offerte 30 Go + Antivirus Bitdefender,[3QM70EA],En stock,"1 789,000 TND",HP,https://www.tunisianet.com.tn/119132-home/pc-portable-hp-probook-440-g5-i3-8e-gen-4-go-sim-orange-offerte-30-go-antivirus-bitdefender.jpg,https://www.tunisianet.com.tn/pc-portable/33805-pc-portable-hp-probook-440-g5-i3-8e-gen-4-go-sim-orange-offerte-30-go-antivirus-bitdefender.html
Pc Portable HP ProBook 430 G5 / i5 8è Gén / 4 Go + SIM Orange Offerte 30 Go + Internet Security Bitdefender,[2SX96EA],En stock,"1 799,000 TND",HP,https://www.tunisianet.com.tn/92712-home/pc-portable-hp-probook-430-g5-i5-8e-gen-4-go-sim-orange-offerte-30-go-internet-security-bitdefender.jpg,https://www.tunisianet.com.tn/pc-portable/28936-pc-portable-hp-probook-430-g5-i5-8e-gen-4-go-sim-orange-offerte-30-go-internet-security-bitdefender.html
Pc Portable HP ProBook 430 G5 / i5 8è Gén / 8 Go + SIM Orange Offerte 30 Go + Internet Security Bitdefender,[2SX96EA-8],En stock,"1 895,000 TND",HP,https://www.tunisianet.com.tn/102310-home/pc-portable-hp-probook-430-g5-i5-8e-gen-8-go-sim-orange-offerte-30-go-internet-security-bitdefender.jpg,https://www.tunisianet.com.tn/pc-portable/30728-pc-portable-hp-probook-430-g5-i5-8e-gen-8-go-sim-orange-offerte-30-go-internet-security-bitdefender.html
Pc Portable HP ProBook 440 G5 / i5 8è Gén / 4 Go + SIM Orange Offerte 30 Go + Internet Security Bitdefender,[3GH69EA],En stock,"1 929,000 TND",HP,https://www.tunisianet.com.tn/121300-home/pc-portable-hp-probook-440-g5-i5-8e-gen-4-go-sim-orange-offerte-30-go-internet-security-bitdefender.jpg,https://www.tunisianet.com.tn/pc-portable/34278-pc-portable-hp-probook-440-g5-i5-8e-gen-4-go-sim-orange-offerte-30-go-internet-security-bitdefender.html
Pc portable Asus VivoBook X510UF / i5 8è Gén / 8 Go / Gris + SIM Orange 30 Go + Internet Security Bitdefender,[X510UF-EJ126T],En stock,"1 969,000 TND",Asus,https://www.tunisianet.com.tn/113299-home/pc-portable-asus-vivobook-x510uf-i5-8e-gen-8-go-gris-sim-orange-30-go-internet-security-bitdefender.jpg,https://www.tunisianet.com.tn/pc-portable/32780-pc-portable-asus-vivobook-x510uf-i5-8e-gen-8-go-gris-sim-orange-30-go-internet-security-bitdefender.html
Pc Portable HP ProBook 430 G5 / i5 8è Gén / 12 Go + SIM Orange Offerte 30 Go + Internet Security Bitdefender,[2SX96EA-12],En stock,"1 979,000 TND",HP,https://www.tunisianet.com.tn/102313-home/pc-portable-hp-probook-430-g5-i5-8e-gen-12-go-sim-orange-offerte-30-go-internet-security-bitdefender.jpg,https://www.tunisianet.com.tn/pc-portable/30729-pc-portable-hp-probook-430-g5-i5-8e-gen-12-go-sim-orange-offerte-30-go-internet-security-bitdefender.html
Pc Portable HP ProBook 450 G5 / i5 8è Gén / 4 Go + SIM Orange Offerte 30 Go + Internet Security Bitdefender,[2RS20EA],En stock,"1 999,000 TND",HP,https://www.tunisianet.com.tn/107122-home/pc-portable-hp-probook-450-g5-i5-8e-gen-4-go-sim-orange-offerte-30-go-internet-security-bitdefender.jpg,https://www.tunisianet.com.tn/pc-portable/31600-pc-portable-hp-probook-450-g5-i5-8e-gen-4-go-sim-orange-offerte-30-go-internet-security-bitdefender.html
Pc portable Asus VivoBook X510UF / i5 8è Gén / 12 Go / Gris + SIM Orange 30 Go + Internet Security Bitdefender,[X510UF-EJ126T-12],En stock,"2 065,000 TND",Asus,https://www.tunisianet.com.tn/114553-home/pc-portable-asus-vivobook-x510uf-i5-8e-gen-12-go-gris-sim-orange-30-go-internet-security-bitdefender.jpg,https://www.tunisianet.com.tn/pc-portable/33049-pc-portable-asus-vivobook-x510uf-i5-8e-gen-12-go-gris-sim-orange-30-go-internet-security-bitdefender.html
Pc Portable HP ProBook 450 G5 / i5 8è Gén / 8 Go + SIM Orange Offerte 30 Go + Internet Security Bitdefender,[2RS20EA-8],En stock,"2 094,000 TND",HP,https://www.tunisianet.com.tn/120913-home/pc-portable-hp-probook-450-g5-i5-8e-gen-8-go-sim-orange-offerte-30-go-internet-security-bitdefender.jpg,https://www.tunisianet.com.tn/pc-portable/34180-pc-portable-hp-probook-450-g5-i5-8e-gen-8-go-sim-orange-offerte-30-go-internet-security-bitdefender.html
Pc Portable HP ProBook 430 G5 / i5 8è Gén / 16 Go + SIM Orange Offerte 30 Go + Internet Security Bitdefender,[2SX96EA-16],En stock,"2 095,000 TND",HP,https://www.tunisianet.com.tn/102316-home/pc-portable-hp-probook-430-g5-i5-8e-gen-16-go-sim-orange-offerte-30-go-internet-security-bitdefender.jpg,https://www.tunisianet.com.tn/pc-portable/30730-pc-portable-hp-probook-430-g5-i5-8e-gen-16-go-sim-orange-offerte-30-go-internet-security-bitdefender.html
Pc portable Asus VivoBook S15 S510UF / i5 8è Gén / 8 Go / Gris + SIM Orange 30 Go + Internet Security Bitdefender,[S510UF-BQ050T],En stock,"2 109,000 TND",Asus,https://www.tunisianet.com.tn/113286-home/pc-portable-asus-vivobook-s15-s510uf-i5-8e-gen-8-go-gris-sim-orange-30-go-internet-security-bitdefender.jpg,https://www.tunisianet.com.tn/pc-portable/32777-pc-portable-asus-vivobook-s15-s510uf-i5-8e-gen-8-go-gris-sim-orange-30-go-internet-security-bitdefender.html
Pc portable Asus VivoBook X510UF / i5 8è Gén / 16 Go / Gris + SIM Orange 30 Go + Internet Security Bitdefender,[X510UF-EJ126T-16],En stock,"2 149,000 TND",Asus,https://www.tunisianet.com.tn/114556-home/pc-portable-asus-vivobook-x510uf-i5-8e-gen-16-go-gris-sim-orange-30-go-internet-security-bitdefender.jpg,https://www.tunisianet.com.tn/pc-portable/33050-pc-portable-asus-vivobook-x510uf-i5-8e-gen-16-go-gris-sim-orange-30-go-internet-security-bitdefender.html
Pc Portable HP ProBook 450 G5 / i5 8è Gén / 12 Go + SIM Orange Offerte 30 Go + Internet Security Bitdefender,[2RS20EA-12],En stock,"2 178,000 TND",HP,https://www.tunisianet.com.tn/120918-home/pc-portable-hp-probook-450-g5-i5-8e-gen-12-go-sim-orange-offerte-30-go-internet-security-bitdefender.jpg,https://www.tunisianet.com.tn/pc-portable/34181-pc-portable-hp-probook-450-g5-i5-8e-gen-12-go-sim-orange-offerte-30-go-internet-security-bitdefender.html
Pc portable Asus VivoBook S15 S510UF / i5 8è Gén / 12 Go / Gris + SIM Orange 30 Go + Internet Security Bitdefender,[S510UF-BQ050T-12],En stock,"2 205,000 TND",Asus,https://www.tunisianet.com.tn/114070-home/pc-portable-asus-vivobook-s15-s510uf-i5-8e-gen-12-go-gris-sim-orange-30-go-internet-security-bitdefender.jpg,https://www.tunisianet.com.tn/pc-portable/32929-pc-portable-asus-vivobook-s15-s510uf-i5-8e-gen-12-go-gris-sim-orange-30-go-internet-security-bitdefender.html
Pc Portable Lenovo ThinkPad E480 / i5 8è Gén / 8 Go + SIM Orange 30 Go + Internet Security Bitdefender,[20KN007XFE],En stock,"2 219,000 TND",Lenovo,https://www.tunisianet.com.tn/119606-home/pc-portable-lenovo-thinkpad-e480-i5-8e-gen-8-go-sim-orange-30-go-internet-security-bitdefender.jpg,https://www.tunisianet.com.tn/pc-portable/33888-pc-portable-lenovo-thinkpad-e480-i5-8e-gen-8-go-sim-orange-30-go-internet-security-bitdefender.html
Pc Portable Lenovo ThinkPad E580 / i5 8è Gén / 8 Go + SIM Orange 30 Go + Internet Security Bitdefender,[20KS0008FE],En stock,"2 219,000 TND",Lenovo,https://www.tunisianet.com.tn/124001-home/pc-portable-lenovo-thinkpad-e580-i5-8e-gen-8-go-sim-orange-30-go-internet-security-bitdefender.jpg,https://www.tunisianet.com.tn/pc-portable/34723-pc-portable-lenovo-thinkpad-e580-i5-8e-gen-8-go-sim-orange-30-go-internet-security-bitdefender.html
Pc Portable HP ProBook 430 G5 / i5 8è Gén / 24 Go + SIM Orange Offerte 30 Go + Internet Security Bitdefender,[2SX96EA-24],En stock,"2 275,000 TND",HP,https://www.tunisianet.com.tn/102319-home/pc-portable-hp-probook-430-g5-i5-8e-gen-24-go-sim-orange-offerte-30-go-internet-security-bitdefender.jpg,https://www.tunisianet.com.tn/pc-portable/30731-pc-portable-hp-probook-430-g5-i5-8e-gen-24-go-sim-orange-offerte-30-go-internet-security-bitdefender.html
Pc portable Asus VivoBook S15 S510UF / i5 8è Gén / 16 Go / Gris + SIM Orange 30 Go + Internet Security Bitdefender,[S510UF-BQ050T-16],En stock,"2 289,000 TND",Asus,https://www.tunisianet.com.tn/114075-home/pc-portable-asus-vivobook-s15-s510uf-i5-8e-gen-16-go-gris-sim-orange-30-go-internet-security-bitdefender.jpg,https://www.tunisianet.com.tn/pc-portable/32930-pc-portable-asus-vivobook-s15-s510uf-i5-8e-gen-16-go-gris-sim-orange-30-go-internet-security-bitdefender.html
Pc Portable HP ProBook 450 G5 / i5 8è Gén / 16 Go + SIM Orange Offerte 30 Go + Internet Security Bitdefender,[2RS20EA-16],En stock,"2 296,000 TND",HP,https://www.tunisianet.com.tn/120923-home/pc-portable-hp-probook-450-g5-i5-8e-gen-16-go-sim-orange-offerte-30-go-internet-security-bitdefender.jpg,https://www.tunisianet.com.tn/pc-portable/34182-pc-portable-hp-probook-450-g5-i5-8e-gen-16-go-sim-orange-offerte-30-go-internet-security-bitdefender.html
Pc portable Asus VivoBook S15 S510UF / i7 8è Gén / 8 Go / Windows 10 / Gris + SIM Orange 30 Go + Internet Security Bitdefender,[S510UF-BQ158T],En stock,"2 299,000 TND",Asus,https://www.tunisianet.com.tn/113292-home/pc-portable-asus-vivobook-s15-s510uf-i7-8e-gen-8-go-windows-10-gris-sim-orange-30-go-internet-security-bitdefender.jpg,https://www.tunisianet.com.tn/pc-portable/32779-pc-portable-asus-vivobook-s15-s510uf-i7-8e-gen-8-go-windows-10-gris-sim-orange-30-go-internet-security-bitdefender.html
Pc portable Asus VivoBook X510UF / i5 8è Gén / 24 Go / Gris + SIM Orange 30 Go + Internet Security Bitdefender,[X510UF-EJ126T-24],En stock,"2 339,000 TND",Asus,https://www.tunisianet.com.tn/114559-home/pc-portable-asus-vivobook-x510uf-i5-8e-gen-24-go-gris-sim-orange-30-go-internet-security-bitdefender.jpg,https://www.tunisianet.com.tn/pc-portable/33051-pc-portable-asus-vivobook-x510uf-i5-8e-gen-24-go-gris-sim-orange-30-go-internet-security-bitdefender.html
Pc Portable HP ProBook 450 G5 / i5 8è Gén / 8 Go + SIM Orange Offerte 30 Go + Internet Security Bitdefender,[2RS04EA],En stock,"2 349,000 TND",HP,https://www.tunisianet.com.tn/107127-home/pc-portable-hp-probook-450-g5-i5-8e-gen-8-go-sim-orange-offerte-30-go-internet-security-bitdefender.jpg,https://www.tunisianet.com.tn/pc-portable/31601-pc-portable-hp-probook-450-g5-i5-8e-gen-8-go-sim-orange-offerte-30-go-internet-security-bitdefender.html
Pc Portable HP ProBook 640 G3 / i5 7è Gén / 4 Go + SIM Orange Offerte 30 Go + Internet Security Bitdefender,[Z2W37EA],En stock,"2 379,000 TND",HP,https://www.tunisianet.com.tn/88505-home/pc-portable-hp-probook-640-g3-i5-7e-gen-4-go-sim-orange-offerte-30-go-internet-security-bitdefender.jpg,https://www.tunisianet.com.tn/pc-portable/27972-pc-portable-hp-probook-640-g3-i5-7e-gen-4-go-sim-orange-offerte-30-go-internet-security-bitdefender.html
Pc portable Asus VivoBook S15 S510UF / i7 8è Gén / 12 Go / Windows 10 / Gris + SIM Orange 30 Go + Internet Security Bitdefender,[S510UF-BQ158T-12],En stock,"2 395,000 TND",Asus,https://www.tunisianet.com.tn/114055-home/pc-portable-asus-vivobook-s15-s510uf-i7-8e-gen-12-go-windows-10-gris-sim-orange-30-go-internet-security-bitdefender.jpg,https://www.tunisianet.com.tn/pc-portable/32926-pc-portable-asus-vivobook-s15-s510uf-i7-8e-gen-12-go-windows-10-gris-sim-orange-30-go-internet-security-bitdefender.html
Pc Portable HP ProBook 450 G5 / i5 8è Gén / 4 Go + SIM Orange Offerte 30 Go + Internet Security Bitdefender,[2RS09EA],En stock,"2 425,000 TND",HP,https://www.tunisianet.com.tn/100929-home/pc-portable-hp-probook-450-g5-i5-8e-gen-4-go-sim-orange-offerte-30-go-internet-security-bitdefender.jpg,https://www.tunisianet.com.tn/pc-portable/30471-pc-portable-hp-probook-450-g5-i5-8e-gen-4-go-sim-orange-offerte-30-go-internet-security-bitdefender.html
Pc Portable HP ProBook 450 G5 / i5 8è Gén / 12 Go + SIM Orange Offerte 30 Go + Internet Security Bitdefender,[2RS04EA-12],En stock,"2 444,000 TND",HP,https://www.tunisianet.com.tn/121332-home/pc-portable-hp-probook-450-g5-i5-8e-gen-12-go-sim-orange-offerte-30-go-internet-security-bitdefender.jpg,https://www.tunisianet.com.tn/pc-portable/34281-pc-portable-hp-probook-450-g5-i5-8e-gen-12-go-sim-orange-offerte-30-go-internet-security-bitdefender.html
Pc Portable HP ProBook 430 G5 / i5 8è Gén / 4 Go / Windows 10 + SIM Orange Offerte 30 Go + Internet Security Bitdefender,[2SY07EA],En stock,"2 449,000 TND",HP,https://www.tunisianet.com.tn/117645-home/pc-portable-hp-probook-430-g5-i5-8e-gen-4-go-windows-10-sim-orange-offerte-30-go-internet-security-bitdefender.jpg,https://www.tunisianet.com.tn/pc-portable/33598-pc-portable-hp-probook-430-g5-i5-8e-gen-4-go-windows-10-sim-orange-offerte-30-go-internet-security-bitdefender.html
Pc Portable HP ProBook 430 G5 / i5 8è Gén / 32 Go + SIM Orange Offerte 30 Go + Internet Security Bitdefender,[2SX96EA-32],En stock,"2 465,000 TND",HP,https://www.tunisianet.com.tn/102322-home/pc-portable-hp-probook-430-g5-i5-8e-gen-32-go-sim-orange-offerte-30-go-internet-security-bitdefender.jpg,https://www.tunisianet.com.tn/pc-portable/30732-pc-portable-hp-probook-430-g5-i5-8e-gen-32-go-sim-orange-offerte-30-go-internet-security-bitdefender.html
Pc portable Asus VivoBook S15 S510UF / i7 8è Gén / 16 Go / Windows 10 / Gris + SIM Orange 30 Go + Internet Security Bitdefender,[S510UF-BQ158T-16],En stock,"2 479,000 TND",Asus,https://www.tunisianet.com.tn/114060-home/pc-portable-asus-vivobook-s15-s510uf-i7-8e-gen-16-go-windows-10-gris-sim-orange-30-go-internet-security-bitdefender.jpg,https://www.tunisianet.com.tn/pc-portable/32927-pc-portable-asus-vivobook-s15-s510uf-i7-8e-gen-16-go-windows-10-gris-sim-orange-30-go-internet-security-bitdefender.html
Pc portable Asus VivoBook S15 S510UF / i5 8è Gén / 24 Go / Gris + SIM Orange 30 Go + Internet Security Bitdefender,[S510UF-BQ050T-24],En stock,"2 479,000 TND",Asus,https://www.tunisianet.com.tn/114080-home/pc-portable-asus-vivobook-s15-s510uf-i5-8e-gen-24-go-gris-sim-orange-30-go-internet-security-bitdefender.jpg,https://www.tunisianet.com.tn/pc-portable/32931-pc-portable-asus-vivobook-s15-s510uf-i5-8e-gen-24-go-gris-sim-orange-30-go-internet-security-bitdefender.html
Pc Portable HP ProBook 440 G5 / i5 8è Gén / 4 Go + SIM Orange Offerte 30 Go + Internet Security Bitdefender,[2RS34EA],En stock,"2 489,000 TND",HP,https://www.tunisianet.com.tn/121280-home/pc-portable-hp-probook-440-g5-i5-8e-gen-4-go-sim-orange-offerte-30-go-internet-security-bitdefender.jpg,https://www.tunisianet.com.tn/pc-portable/34274-pc-portable-hp-probook-440-g5-i5-8e-gen-4-go-sim-orange-offerte-30-go-internet-security-bitdefender.html
Pc Portable HP ProBook 450 G5 / i5 8è Gén / 8 Go + SIM Orange Offerte 30 Go + Internet Security Bitdefender,[2RS09EA-8],En stock,"2 519,000 TND",HP,https://www.tunisianet.com.tn/104221-home/pc-portable-hp-probook-450-g5-i5-8e-gen-8-go-sim-orange-offerte-30-go-internet-security-bitdefender.jpg,https://www.tunisianet.com.tn/pc-portable/31091-pc-portable-hp-probook-450-g5-i5-8e-gen-8-go-sim-orange-offerte-30-go-internet-security-bitdefender.html
Pc Portable HP ProBook 450 G5 / i5 8è Gén / 8 Go + SIM Orange Offerte 30 Go + Internet Security Bitdefender,[3GH47ES],En stock,"2 519,000 TND",HP,https://www.tunisianet.com.tn/119139-home/pc-portable-hp-probook-450-g5-i5-8e-gen-8-go-sim-orange-offerte-30-go-internet-security-bitdefender.jpg,https://www.tunisianet.com.tn/pc-portable/33806-pc-portable-hp-probook-450-g5-i5-8e-gen-8-go-sim-orange-offerte-30-go-internet-security-bitdefender.html
Pc Portable HP ProBook 450 G5 / i5 8è Gén / 16 Go + SIM Orange Offerte 30 Go + Internet Security Bitdefender,[2RS04EA-16],En stock,"2 528,000 TND",HP,https://www.tunisianet.com.tn/121337-home/pc-portable-hp-probook-450-g5-i5-8e-gen-16-go-sim-orange-offerte-30-go.jpg,https://www.tunisianet.com.tn/pc-portable/34282-pc-portable-hp-probook-450-g5-i5-8e-gen-16-go-sim-orange-offerte-30-go.html
Pc Portable HP ProBook 430 G5 / i5 8è Gén / 8 Go / Windows 10 + SIM Orange Offerte 30 Go + Internet Security Bitdefender,[2SY07EA-8],En stock,"2 545,000 TND",HP,https://www.tunisianet.com.tn/119932-home/pc-portable-hp-probook-430-g5-i5-8e-gen-8-go-windows-10-sim-orange-offerte-30-go-internet-security-bitdefender.jpg,https://www.tunisianet.com.tn/pc-portable/33948-pc-portable-hp-probook-430-g5-i5-8e-gen-8-go-windows-10-sim-orange-offerte-30-go-internet-security-bitdefender.html
Pc Portable HP ProBook 440 G5 / i5 8è Gén / 8 Go + SIM Orange Offerte 30 Go + Internet Security Bitdefender,[2RS34EA-8],En stock,"2 584,000 TND",HP,https://www.tunisianet.com.tn/121285-home/pc-portable-hp-probook-440-g5-i5-8e-gen-8-go-sim-orange-offerte-30-go-internet-security-bitdefender.jpg,https://www.tunisianet.com.tn/pc-portable/34275-pc-portable-hp-probook-440-g5-i5-8e-gen-8-go-sim-orange-offerte-30-go-internet-security-bitdefender.html
Pc Portable Lenovo ThinkPad E480 / i7 8è Gén / 8 Go + SIM Orange 30 Go + Internet Security Bitdefender,[20KN0082FE],En stock,"2 589,000 TND",Lenovo,https://www.tunisianet.com.tn/119611-home/pc-portable-lenovo-thinkpad-e480-i7-8e-gen-8-go-sim-orange-30-go-internet-security-bitdefender.jpg,https://www.tunisianet.com.tn/pc-portable/33889-pc-portable-lenovo-thinkpad-e480-i7-8e-gen-8-go-sim-orange-30-go-internet-security-bitdefender.html
Pc Portable HP ProBook 470 G5 / i5 8è Gén / 8 Go + SIM Orange Offerte 30 Go + Internet Security Bitdefender,[3VJ32ES],En stock,"2 599,000 TND",HP,https://www.tunisianet.com.tn/107147-home/pc-portable-hp-probook-470-g5-i5-8e-gen-8-go-sim-orange-offerte-30-go-internet-security-bitdefender.jpg,https://www.tunisianet.com.tn/informatique/31603-pc-portable-hp-probook-470-g5-i5-8e-gen-8-go-sim-orange-offerte-30-go-internet-security-bitdefender.html
Pc Portable HP ProBook 430 G5 / i5 8è Gén / 12 Go / Windows 10 + SIM Orange Offerte 30 Go + Internet Security Bitdefender,[2SY07EA-12],En stock,"2 629,000 TND",HP,https://www.tunisianet.com.tn/119935-home/pc-portable-hp-probook-430-g5-i5-8e-gen-12-go-windows-10-sim-orange-offerte-30-go-internet-security-bitdefender.jpg,https://www.tunisianet.com.tn/pc-portable/33949-pc-portable-hp-probook-430-g5-i5-8e-gen-12-go-windows-10-sim-orange-offerte-30-go-internet-security-bitdefender.html
Pc Portable Lenovo ThinkPad E580 / i7 8è Gén / 8 Go + SIM Orange 30 Go + Internet Security Bitdefender,[20KS0009FE],En stock,"2 645,000 TND",Lenovo,https://www.tunisianet.com.tn/106836-home/pc-portable-lenovo-thinkpad-e580-i7-8e-gen-8-go-sim-orange-30-go-internet-security-bitdefender.jpg,https://www.tunisianet.com.tn/pc-portable/31557-pc-portable-lenovo-thinkpad-e580-i7-8e-gen-8-go-sim-orange-30-go-internet-security-bitdefender.html
Pc Portable HP ProBook 440 G5 / i5 8è Gén / 12 Go + SIM Orange Offerte 30 Go + Internet Security Bitdefender,[2RS34EA-12],En stock,"2 668,000 TND",HP,https://www.tunisianet.com.tn/121290-home/pc-portable-hp-probook-440-g5-i5-8e-gen-12-go-sim-orange-offerte-30-go-internet-security-bitdefender.jpg,https://www.tunisianet.com.tn/pc-portable/34276-pc-portable-hp-probook-440-g5-i5-8e-gen-12-go-sim-orange-offerte-30-go-internet-security-bitdefender.html
Pc portable Asus VivoBook S15 S510UF / i7 8è Gén / 24 Go / Windows 10 / Gris + SIM Orange 30 Go + Internet Security Bitdefender,[S510UF-BQ158T-24],En stock,"2 669,000 TND",Asus,https://www.tunisianet.com.tn/114065-home/pc-portable-asus-vivobook-s15-s510uf-i7-8e-gen-24-go-windows-10-gris-sim-orange-30-go-internet-security-bitdefender.jpg,https://www.tunisianet.com.tn/pc-portable/32928-pc-portable-asus-vivobook-s15-s510uf-i7-8e-gen-24-go-windows-10-gris-sim-orange-30-go-internet-security-bitdefender.html
Pc Portable HP ProBook 450 G5 / i7 8è Gén / 8 Go + SIM Orange Offerte 30 Go + Internet Security Bitdefender,[2RS05EA],En stock,"2 689,000 TND",HP,https://www.tunisianet.com.tn/103016-home/pc-portable-hp-probook-450-g5-i7-8e-gen-8-go-sim-orange-offerte-30-go-internet-security-bitdefender.jpg,https://www.tunisianet.com.tn/pc-portable/30865-pc-portable-hp-probook-450-g5-i7-8e-gen-8-go-sim-orange-offerte-30-go-internet-security-bitdefender.html
Pc Portable Dell Latitude 5490 / i5 8è Gén / 8 Go + SIM Orange Offerte 30 Go + Internet Security Bitdefender,[N043L549014],En stock,"2 699,000 TND",Dell,https://www.tunisianet.com.tn/110096-home/pc-portable-dell-latitude-5490-i5-8e-gen-8-go-sim-orange-offerte-30-go-internet-security-bitdefender.jpg,https://www.tunisianet.com.tn/pc-portable/32158-pc-portable-dell-latitude-5490-i5-8e-gen-8-go-sim-orange-offerte-30-go-internet-security-bitdefender.html
Pc portable Asus VivoBook S15 S510UF / i5 8è Gén / 32 Go / Gris + SIM Orange 30 Go + Internet Security Bitdefender,[S510UF-BQ050T-32],En stock,"2 709,000 TND",Asus,https://www.tunisianet.com.tn/115535-home/pc-portable-asus-vivobook-s15-s510uf-i5-8e-gen-32-go-gris-sim-orange-30-go-internet-security-bitdefender.jpg,https://www.tunisianet.com.tn/pc-portable/33310-pc-portable-asus-vivobook-s15-s510uf-i5-8e-gen-32-go-gris-sim-orange-30-go-internet-security-bitdefender.html
Pc Portable HP ProBook 430 G5 / i5 8è Gén / 16 Go / Windows 10 + SIM Orange Offerte 30 Go + Internet Security Bitdefender,[2SY07EA-16],En stock,"2 745,000 TND",HP,https://www.tunisianet.com.tn/119938-home/pc-portable-hp-probook-430-g5-i5-8e-gen-16-go-windows-10-sim-orange-offerte-30-go-internet-security-bitdefender.jpg,https://www.tunisianet.com.tn/pc-portable/33950-pc-portable-hp-probook-430-g5-i5-8e-gen-16-go-windows-10-sim-orange-offerte-30-go-internet-security-bitdefender.html
Pc Portable Dell Latitude E5580 / i5 7è Gén / 8 Go / Windows 10 + SIM Orange Offerte 30 Go + Internet Security Bitdefender,[DL5580CTOS],Commande 24H,"2 779,000 TND",Dell,https://www.tunisianet.com.tn/88289-home/pc-portable-dell-latitude-e5580-i5-7e-gen-8-go-windows-10-sim-orange-offerte-30-go-internet-security-bitdefender.jpg,https://www.tunisianet.com.tn/pc-portable/27948-pc-portable-dell-latitude-e5580-i5-7e-gen-8-go-windows-10-sim-orange-offerte-30-go-internet-security-bitdefender.html
Pc Portable HP ProBook 440 G5 / i5 8è Gén / 16 Go + SIM Orange Offerte 30 Go + Internet Security Bitdefender,[2RS34EA-16],En stock,"2 786,000 TND",HP,https://www.tunisianet.com.tn/121295-home/pc-portable-hp-probook-440-g5-i5-8e-gen-16-go-sim-orange-offerte-30-go-internet-security-bitdefender.jpg,https://www.tunisianet.com.tn/pc-portable/34277-pc-portable-hp-probook-440-g5-i5-8e-gen-16-go-sim-orange-offerte-30-go-internet-security-bitdefender.html
Pc Portable Dell Latitude 5490 / i5 8è Gén / 12 Go + SIM Orange Offerte 30 Go + Internet Security Bitdefender,[N043L549014-12],En stock,"2 795,000 TND",Dell,https://www.tunisianet.com.tn/120073-home/pc-portable-dell-latitude-5490-i5-8e-gen-12-go-sim-orange-offerte-30-go-internet-security-bitdefender.jpg,https://www.tunisianet.com.tn/pc-portable/33976-pc-portable-dell-latitude-5490-i5-8e-gen-12-go-sim-orange-offerte-30-go-internet-security-bitdefender.html
Pc Portable HP ProBook 450 G5 / i7 8è Gén / 8 Go + SIM Orange Offerte 30 Go + Internet Security Bitdefender,[4QW20ES],En stock,"2 809,000 TND",HP,https://www.tunisianet.com.tn/119153-home/pc-portable-hp-probook-450-g5-i7-8e-gen-8-go-sim-orange-offerte-30-go-internet-security-bitdefender.jpg,https://www.tunisianet.com.tn/pc-portable/33808-pc-portable-hp-probook-450-g5-i7-8e-gen-8-go-sim-orange-offerte-30-go-internet-security-bitdefender.html
Pc Portable Dell Latitude 5490 / i5 8è Gén / 16 Go + SIM Orange Offerte 30 Go + Internet Security Bitdefender,[N043L549014-16],En stock,"2 879,000 TND",Dell,https://www.tunisianet.com.tn/120081-home/pc-portable-dell-latitude-5490-i5-8e-gen-16-go-sim-orange-offerte-30-go-internet-security-bitdefender.jpg,https://www.tunisianet.com.tn/pc-portable/33977-pc-portable-dell-latitude-5490-i5-8e-gen-16-go-sim-orange-offerte-30-go-internet-security-bitdefender.html
Pc Portable HP ProBook 430 G5 / i5 8è Gén / 24 Go / Windows 10 + SIM Orange Offerte 30 Go + Internet Security Bitdefender,[2SY07EA-24],En stock,"2 925,000 TND",HP,https://www.tunisianet.com.tn/119941-home/pc-portable-hp-probook-430-g5-i5-8e-gen-24-go-windows-10-sim-orange-offerte-30-go-internet-security-bitdefender.jpg,https://www.tunisianet.com.tn/pc-portable/33951-pc-portable-hp-probook-430-g5-i5-8e-gen-24-go-windows-10-sim-orange-offerte-30-go-internet-security-bitdefender.html
Pc Portable Dell Latitude 5590 / i5 8è Gén / 8 Go + SIM Orange Offerte 30 Go + Internet Security Bitdefender,[5590I5],Commande 24H,"2 968,000 TND",Dell,https://www.tunisianet.com.tn/119547-home/pc-portable-dell-latitude-5590-i5-8e-gen-8-go-sim-orange-offerte-30-go-internet-security-bitdefender.jpg,https://www.tunisianet.com.tn/pc-portable/33875-pc-portable-dell-latitude-5590-i5-8e-gen-8-go-sim-orange-offerte-30-go-internet-security-bitdefender.html
Pc Portable Lenovo YOGA 530-14IKB / i5 8è Gén / 8 Go + SIM Orange 30 Go + Internet Security Bitdefender,[81EK00FCFG],En stock,"2 969,000 TND",Lenovo,https://www.tunisianet.com.tn/117136-home/pc-portable-lenovo-yoga-530-14ikb-i5-8e-gen-8-go-sim-orange-30-go-internet-security-bitdefender.jpg,https://www.tunisianet.com.tn/pc-portable/33509-pc-portable-lenovo-yoga-530-14ikb-i5-8e-gen-8-go-sim-orange-30-go-internet-security-bitdefender.html
Pc Portable HP ProBook 470 G5 / i7 8è Gén / 8 Go + SIM Orange Offerte 30 Go + Internet Security Bitdefender,[3VJ33ES],En stock,"3 069,000 TND",HP,https://www.tunisianet.com.tn/117653-home/pc-portable-hp-probook-470-g5-i7-8e-gen-8-go-sim-orange-offerte-30-go-internet-security-bitdefender.jpg,https://www.tunisianet.com.tn/pc-portable/33599-pc-portable-hp-probook-470-g5-i7-8e-gen-8-go-sim-orange-offerte-30-go-internet-security-bitdefender.html
Pc Portable Dell Latitude 5490 / i5 8è Gén / 24 Go + SIM Orange Offerte 30 Go + Internet Security Bitdefender,[N043L549014-24],En stock,"3 069,000 TND",Dell,https://www.tunisianet.com.tn/120089-home/pc-portable-dell-latitude-5490-i5-8e-gen-24-go-sim-orange-offerte-30-go-internet-security-bitdefender.jpg,https://www.tunisianet.com.tn/pc-portable/33978-pc-portable-dell-latitude-5490-i5-8e-gen-24-go-sim-orange-offerte-30-go-internet-security-bitdefender.html
Pc Portable HP ProBook 430 G5 / i5 8è Gén / 32 Go / Windows 10 + SIM Orange Offerte 30 Go + Internet Security Bitdefender,[2SY07EA-32],En stock,"3 115,000 TND",HP,https://www.tunisianet.com.tn/119944-home/pc-portable-hp-probook-430-g5-i5-8e-gen-32-go-windows-10-sim-orange-offerte-30-go-internet-security-bitdefender.jpg,https://www.tunisianet.com.tn/pc-portable/33952-pc-portable-hp-probook-430-g5-i5-8e-gen-32-go-windows-10-sim-orange-offerte-30-go-internet-security-bitdefender.html
Pc Portable HP ProBook 450 G5 / i7 8è Gén / 8 Go + SIM Orange Offerte 30 Go + Internet Security Bitdefender,[2XY58ES],En stock,"3 159,000 TND",HP,https://www.tunisianet.com.tn/101819-home/pc-portable-hp-probook-450-g5-i7-8e-gen-8-go-sim-orange-offerte-30-go-internet-security-bitdefender.jpg,https://www.tunisianet.com.tn/pc-portable/30661-pc-portable-hp-probook-450-g5-i7-8e-gen-8-go-sim-orange-offerte-30-go-internet-security-bitdefender.html
Pc Portable HP ProBook 470 G5 / i5 8è Gén / 8 Go + SIM Orange Offerte 30 Go + Internet Security Bitdefender,[2RR89EA],En stock,"3 179,000 TND",HP,https://www.tunisianet.com.tn/107135-home/pc-portable-hp-probook-470-g5-i5-8e-gen-8-go-sim-orange-offerte-30-go-internet-security-bitdefender.jpg,https://www.tunisianet.com.tn/informatique/31602-pc-portable-hp-probook-470-g5-i5-8e-gen-8-go-sim-orange-offerte-30-go-internet-security-bitdefender.html
Pc Portable HP ProBook 450 G5 / i7 8è Gén / 12 Go + SIM Orange Offerte 30 Go + Internet Security Bitdefender,[2XY58ES-12],En stock,"3 255,000 TND",HP,https://www.tunisianet.com.tn/120010-home/pc-portable-hp-probook-450-g5-i7-8e-gen-12-go-sim-orange-offerte-30-go-internet-security-bitdefender.jpg,https://www.tunisianet.com.tn/pc-portable/33965-pc-portable-hp-probook-450-g5-i7-8e-gen-12-go-sim-orange-offerte-30-go-internet-security-bitdefender.html
Pc Portable HP ProBook 470 G5 / i5 8è Gén / 12 Go + SIM Orange Offerte 30 Go + Internet Security Bitdefender,[2RR89EA-12],En stock,"3 275,000 TND",HP,https://www.tunisianet.com.tn/120018-home/pc-portable-hp-probook-470-g5-i5-8e-gen-12-go-sim-orange-offerte-30-go-internet-security-bitdefender.jpg,https://www.tunisianet.com.tn/pc-portable/33967-pc-portable-hp-probook-470-g5-i5-8e-gen-12-go-sim-orange-offerte-30-go-internet-security-bitdefender.html
Pc Portable Lenovo ThinkPad X270 / i5 7è Gén / 8 Go / Windows 10 + SIM Orange 30 Go + Internet Security Bitdefender,[20HN003EFE],Commande 24H,"3 295,000 TND",Lenovo,https://www.tunisianet.com.tn/87238-home/pc-portable-lenovo-thinkpad-x270-i5-7e-gen-8-go-windows-10-sim-orange-30-go-internet-security-bitdefender.jpg,https://www.tunisianet.com.tn/pc-portable/27752-pc-portable-lenovo-thinkpad-x270-i5-7e-gen-8-go-windows-10-sim-orange-30-go-internet-security-bitdefender.html
Pc Portable HP ProBook 450 G5 / i7 8è Gén / 16 Go + SIM Orange Offerte 30 Go + Internet Security Bitdefender,[2XY58ES-16],En stock,"3 339,000 TND",HP,https://www.tunisianet.com.tn/117640-home/pc-portable-hp-probook-450-g5-i7-8e-gen-16-go-sim-orange-offerte-30-go-internet-security-bitdefender.jpg,https://www.tunisianet.com.tn/pc-portable/33596-pc-portable-hp-probook-450-g5-i7-8e-gen-16-go-sim-orange-offerte-30-go-internet-security-bitdefender.html
Pc Portable HP ProBook 470 G5 / i5 8è Gén / 16 Go + SIM Orange Offerte 30 Go + Internet Security Bitdefender,[2RR89EA-16],En stock,"3 359,000 TND",HP,https://www.tunisianet.com.tn/120024-home/pc-portable-hp-probook-470-g5-i5-8e-gen-16-go-sim-orange-offerte-30-go-internet-security-bitdefender.jpg,https://www.tunisianet.com.tn/pc-portable/33968-pc-portable-hp-probook-470-g5-i5-8e-gen-16-go-sim-orange-offerte-30-go-internet-security-bitdefender.html
Pc Portable Lenovo ThinkPad X260 / i7 6è Gén / 8 Go + SIM Orange 30 Go + Internet Security Bitdefender,[20F6001VFE],En stock,"3 459,000 TND",Lenovo,https://www.tunisianet.com.tn/87129-home/pc-portable-lenovo-thinkpad-x260-i7-6e-gen-8-go-sim-orange-30-go-internet-security-bitdefender.jpg,https://www.tunisianet.com.tn/pc-portable/27730-pc-portable-lenovo-thinkpad-x260-i7-6e-gen-8-go-sim-orange-30-go-internet-security-bitdefender.html
Pc Portable Dell Latitude E7280 / i7 7è Gén / 8 Go + SIM Orange Offerte 30 Go + Internet Security Bitdefender,[3A08-01],En stock,"3 499,000 TND",Dell,https://www.tunisianet.com.tn/94863-home/pc-portable-dell-latitude-e7280-i7-7e-gen-8-go-sim-orange-offerte-30-go-internet-security-bitdefender.jpg,https://www.tunisianet.com.tn/pc-portable/29361-pc-portable-dell-latitude-e7280-i7-7e-gen-8-go-sim-orange-offerte-30-go-internet-security-bitdefender.html
Station de travail Mobile Dell Precision 3520 / i5 7è Gén / 8Go + SIM Orange Offerte 30 Go + Internet Security Bitdefender,[210-AKEK],Commande 24H,"3 519,000 TND",Dell,https://www.tunisianet.com.tn/88312-home/station-de-travail-mobile-dell-precision-3520-i5-7e-gen-8go-sim-orange-offerte-30-go-internet-security-bitdefender.jpg,https://www.tunisianet.com.tn/pc-portable/27953-station-de-travail-mobile-dell-precision-3520-i5-7e-gen-8go-sim-orange-offerte-30-go-internet-security-bitdefender.html
Pc Portable HP ProBook 450 G5 / i7 8è Gén / 24 Go + SIM Orange Offerte 30 Go + Internet Security Bitdefender,[2XY58ES-24],En stock,"3 529,000 TND",HP,https://www.tunisianet.com.tn/120005-home/pc-portable-hp-probook-450-g5-i7-8e-gen-24-go-sim-orange-offerte-30-go-internet-security-bitdefender.jpg,https://www.tunisianet.com.tn/pc-portable/33964-pc-portable-hp-probook-450-g5-i7-8e-gen-24-go-sim-orange-offerte-30-go-internet-security-bitdefender.html
Pc Portable Lenovo ThinkPad X260 / i7 6è Gén / 8 Go + SIM Orange 30 Go + Internet Security Bitdefender,[20F6001XFE],Commande 24H,"3 549,000 TND",Lenovo,https://www.tunisianet.com.tn/71844-home/pc-portable-lenovo-thinkpad-x260-i7-6e-gen-8-go-sim-orange-30-go-internet-security-bitdefender.jpg,https://www.tunisianet.com.tn/pc-portable/24724-pc-portable-lenovo-thinkpad-x260-i7-6e-gen-8-go-sim-orange-30-go-internet-security-bitdefender.html
Pc Portable Lenovo ThinkPad X270 / i7 7è Gén / 8 Go / Windows 10 + SIM Orange 30 Go + Internet Security Bitdefender,[20HN002DFE],Commande 24H,"3 595,000 TND",Lenovo,https://www.tunisianet.com.tn/87243-home/pc-portable-lenovo-thinkpad-x270-i7-7e-gen-8-go-windows-10-sim-orange-30-go-internet-security-bitdefender.jpg,https://www.tunisianet.com.tn/pc-portable/27753-pc-portable-lenovo-thinkpad-x270-i7-7e-gen-8-go-windows-10-sim-orange-30-go-internet-security-bitdefender.html
Pc portable HP EliteBook 1040 G3 / i5 6è Gén / 8 Go + SIM Orange 30 Go + Internet Security Bitdefender,[Y8Q95EA],Commande 24H,"3 599,000 TND",HP,https://www.tunisianet.com.tn/101994-home/pc-portable-hp-elitebook-1040-g3-i5-6e-gen-8-go-sim-orange-30-go-internet-security-bitdefender.jpg,https://www.tunisianet.com.tn/pc-portable/30678-pc-portable-hp-elitebook-1040-g3-i5-6e-gen-8-go-sim-orange-30-go-internet-security-bitdefender.html
Pc Portable HP ProBook 470 G5 / i7 8è Gén / 8 Go + SIM Orange Offerte 30 Go + Internet Security Bitdefender,[2RR85EA],En stock,"3 635,000 TND",HP,https://www.tunisianet.com.tn/119162-home/pc-portable-hp-probook-470-g5-i7-8e-gen-8-go-sim-orange-offerte-30-go-internet-security-bitdefender.jpg,https://www.tunisianet.com.tn/pc-portable/33810-pc-portable-hp-probook-470-g5-i7-8e-gen-8-go-sim-orange-offerte-30-go-internet-security-bitdefender.html
Pc portable HP ENVY 13-ah0000nk / i5 8è Gén / 8 Go + SIM Orange Offerte 30 Go + Internet Security Bitdefender,[4CK79EA],En stock,"3 729,000 TND",HP,https://www.tunisianet.com.tn/119836-home/pc-portable-hp-envy-13-ah0000nk-i5-8e-gen-8-go-sim-orange-offerte-30-go-internet-security-bitdefender.jpg,https://www.tunisianet.com.tn/pc-portable/33924-pc-portable-hp-envy-13-ah0000nk-i5-8e-gen-8-go-sim-orange-offerte-30-go-internet-security-bitdefender.html
Pc Portable HP ProBook 470 G5 / i7 8è Gén / 12 Go + SIM Orange Offerte 30 Go + Internet Security Bitdefender,[2RR85EA-12],En stock,"3 729,000 TND",HP,https://www.tunisianet.com.tn/120045-home/pc-portable-hp-probook-470-g5-i7-8e-gen-12-go-sim-orange-offerte-30-go-internet-security-bitdefender.jpg,https://www.tunisianet.com.tn/pc-portable/33971-pc-portable-hp-probook-470-g5-i7-8e-gen-12-go-sim-orange-offerte-30-go-internet-security-bitdefender.html
Pc Portable HP ProBook 450 G5 / i7 8è Gén / 32 Go + SIM Orange Offerte 30 Go + Internet Security Bitdefender,[2XY58ES-32],En stock,"3 759,000 TND",HP,https://www.tunisianet.com.tn/120015-home/pc-portable-hp-probook-450-g5-i7-8e-gen-32-go-sim-orange-offerte-30-go-internet-security-bitdefender.jpg,https://www.tunisianet.com.tn/pc-portable/33966-pc-portable-hp-probook-450-g5-i7-8e-gen-32-go-sim-orange-offerte-30-go-internet-security-bitdefender.html
Pc portable HP Spectre 13-af000nk Tactile / i5 8è Gén / 8Go + Souris + SIM Orange 30 Go + Internet Security Bitdefender,[2PN46EA],Commande 24H,"3 779,000 TND",HP,https://www.tunisianet.com.tn/88032-home/pc-portable-hp-spectre-13-af000nk-tactile-i5-8e-gen-8go-souris-sim-orange-30-go-internet-security-bitdefender.jpg,https://www.tunisianet.com.tn/pc-portable/27896-pc-portable-hp-spectre-13-af000nk-tactile-i5-8e-gen-8go-souris-sim-orange-30-go-internet-security-bitdefender.html
Pc Portable HP ProBook 470 G5 / i5 8è Gén / 32 Go + SIM Orange Offerte 30 Go + Internet Security Bitdefender,[2RR89EA-32],En stock,"3 779,000 TND",HP,https://www.tunisianet.com.tn/120036-home/pc-portable-hp-probook-470-g5-i5-8e-gen-32-go-sim-orange-offerte-30-go-internet-security-bitdefender.jpg,https://www.tunisianet.com.tn/pc-portable/33970-pc-portable-hp-probook-470-g5-i5-8e-gen-32-go-sim-orange-offerte-30-go-internet-security-bitdefender.html
Pc Portable HP ProBook 470 G5 / i7 8è Gén / 16 Go + SIM Orange Offerte 30 Go + Internet Security Bitdefender,[2RR85EA-16],En stock,"3 815,000 TND",HP,https://www.tunisianet.com.tn/120051-home/pc-portable-hp-probook-470-g5-i7-8e-gen-16-go-sim-orange-offerte-30-go-internet-security-bitdefender.jpg,https://www.tunisianet.com.tn/pc-portable/33972-pc-portable-hp-probook-470-g5-i7-8e-gen-16-go-sim-orange-offerte-30-go-internet-security-bitdefender.html
Pc Portable HP EliteBook 840 G5 / i5 8è Gén / 8 Go + SIM Orange Offerte 30 Go + Internet Security Bitdefender,[3JX27EA],Commande 24H,"3 839,000 TND",HP,https://www.tunisianet.com.tn/107154-home/pc-portable-hp-elitebook-840-g5-i5-8e-gen-8-go-sim-orange-offerte-30-go-internet-security-bitdefender.jpg,https://www.tunisianet.com.tn/pc-portable/31604-pc-portable-hp-elitebook-840-g5-i5-8e-gen-8-go-sim-orange-offerte-30-go-internet-security-bitdefender.html
Pc portable Asus ZenBook 14 UX433FN / i7 8è Gén / 8 Go / Bleu + SIM Orange Offerte 30 Go,[UX433FN-A5087T],En stock,"3 879,000 TND",Asus,https://www.tunisianet.com.tn/118498-home/pc-portable-asus-zenbook-14-ux433fn-i7-8e-gen-8-go-bleu-sim-orange-offerte-30-go.jpg,https://www.tunisianet.com.tn/pc-portable/33700-pc-portable-asus-zenbook-14-ux433fn-i7-8e-gen-8-go-bleu-sim-orange-offerte-30-go.html
Pc Portable Dell Latitude 7290 / i5 7è Gén / 8 Go + SIM Orange Offerte 30 Go + Internet Security Bitdefender,[7290-I5],Commande 24H,"3 999,000 TND",Dell,https://www.tunisianet.com.tn/110005-home/pc-portable-dell-latitude-7290-i5-7e-gen-8-go-sim-orange-offerte-30-go-internet-security-bitdefender.jpg,https://www.tunisianet.com.tn/pc-portable/32150-pc-portable-dell-latitude-7290-i5-7e-gen-8-go-sim-orange-offerte-30-go-internet-security-bitdefender.html
Pc Portable HP ProBook 470 G5 / i7 8è Gén / 24 Go + SIM Orange Offerte 30 Go + Internet Security Bitdefender,[2RR85EA-24],En stock,"4 003,000 TND",HP,https://www.tunisianet.com.tn/120057-home/pc-portable-hp-probook-470-g5-i7-8e-gen-24-go-sim-orange-offerte-30-go-internet-security-bitdefender.jpg,https://www.tunisianet.com.tn/pc-portable/33973-pc-portable-hp-probook-470-g5-i7-8e-gen-24-go-sim-orange-offerte-30-go-internet-security-bitdefender.html
Pc Portable Dell Latitude 5590 / i7 8è Gén / 8 Go + SIM Orange Offerte 30 Go + Internet Security Bitdefender,[5590-I7],Commande 24H,"4 009,000 TND",Dell,https://www.tunisianet.com.tn/110081-home/pc-portable-dell-latitude-5590-i7-8e-gen-8-go-sim-orange-offerte-30-go-internet-security-bitdefender.jpg,https://www.tunisianet.com.tn/pc-portable/32157-pc-portable-dell-latitude-5590-i7-8e-gen-8-go-sim-orange-offerte-30-go-internet-security-bitdefender.html
Pc portable Asus ZenBook 13 UX333FN / i7 8è Gén / 8 Go / Bleu + SIM Orange Offerte 30 Go,[UX333FN-A3032T],En stock,"4 069,000 TND",Asus,https://www.tunisianet.com.tn/118403-home/pc-portable-asus-zenbook-13-ux333fn-i7-8e-gen-8-go-bleu-sim-orange-offerte-30-go.jpg,https://www.tunisianet.com.tn/pc-portable/33693-pc-portable-asus-zenbook-13-ux333fn-i7-8e-gen-8-go-bleu-sim-orange-offerte-30-go.html
Pc portable Asus ZenBook 13 UX333FN / i7 8è Gén / 8 Go + SIM Orange Offerte 30 Go,[UX333FN-A3034T],En stock,"4 069,000 TND",Asus,https://www.tunisianet.com.tn/118419-home/pc-portable-asus-zenbook-13-ux333fn-i7-8e-gen-8-go-sim-orange-offerte-30-go.jpg,https://www.tunisianet.com.tn/pc-portable/33694-pc-portable-asus-zenbook-13-ux333fn-i7-8e-gen-8-go-sim-orange-offerte-30-go.html
Pc Portable HP ProBook 470 G5 / i7 8è Gén / 32 Go + SIM Orange Offerte 30 Go + Internet Security Bitdefender,[2RR85EA-32],En stock,"4 235,000 TND",HP,https://www.tunisianet.com.tn/120063-home/pc-portable-hp-probook-470-g5-i7-8e-gen-32-go-sim-orange-offerte-30-go-internet-security-bitdefender.jpg,https://www.tunisianet.com.tn/pc-portable/33974-pc-portable-hp-probook-470-g5-i7-8e-gen-32-go-sim-orange-offerte-30-go-internet-security-bitdefender.html
Pc portable HP EliteBook 1040 G3 / i7 6è Gén / 8 Go / Tactile + SIM Orange Offerte 30 Go + Internet Security Bitdefender,[Z2U99EA],Commande 24H,"4 249,000 TND",HP,https://www.tunisianet.com.tn/101998-home/pc-portable-hp-elitebook-1040-g3-i7-6e-gen-8-go-tactile-sim-orange-offerte-30-go-internet-security-bitdefender.jpg,https://www.tunisianet.com.tn/pc-portable/30679-pc-portable-hp-elitebook-1040-g3-i7-6e-gen-8-go-tactile-sim-orange-offerte-30-go-internet-security-bitdefender.html
Pc portable HP ENVY 13-ah0001nk / i7 8è Gén / 8 Go + SIM Orange Offerte 30 Go + Internet Security Bitdefender,[4CK69EA],En stock,"4 299,000 TND",HP,https://www.tunisianet.com.tn/103368-home/pc-portable-hp-envy-13-ah0001nk-i7-8e-gen-8-go-sim-orange-offerte-30-go-internet-security-bitdefender.jpg,https://www.tunisianet.com.tn/pc-portable/30928-pc-portable-hp-envy-13-ah0001nk-i7-8e-gen-8-go-sim-orange-offerte-30-go-internet-security-bitdefender.html
Pc Portable HP EliteBook 850 G5 / i5 8è Gén / 8 Go + SIM Orange Offerte 30 Go + Internet Security Bitdefender,[3JX13EA],Commande 24H,"4 429,000 TND",HP,https://www.tunisianet.com.tn/107195-home/pc-portable-hp-elitebook-850-g5-i5-8e-gen-8-go-sim-orange-offerte-30-go-internet-security-bitdefender.jpg,https://www.tunisianet.com.tn/pc-portable/31608-pc-portable-hp-elitebook-850-g5-i5-8e-gen-8-go-sim-orange-offerte-30-go-internet-security-bitdefender.html
Pc Portable Dell Latitude 7290 / i5 7è Gén / 8 Go / Windows 10 + SIM Orange Offerte 30 Go + Internet Security Bitdefender,[7290-I5-W10],Commande 24H,"4 449,000 TND",Dell,https://www.tunisianet.com.tn/110013-home/pc-portable-dell-latitude-7290-i5-7e-gen-8-go-windows-10-sim-orange-offerte-30-go-internet-security-bitdefender.jpg,https://www.tunisianet.com.tn/pc-portable/32151-pc-portable-dell-latitude-7290-i5-7e-gen-8-go-windows-10-sim-orange-offerte-30-go-internet-security-bitdefender.html
Pc Portable HP Spectre x360 13-ae010nf Tactile / i7 8è Gén / 8Go + SIM Orange Offerte 30 Go + Internet Security Bitdefender,[2QH13EA],Commande 24H,"4 569,000 TND",HP,https://www.tunisianet.com.tn/92397-home/pc-portable-hp-spectre-x360-13-ae010nf-tactile-i7-8e-gen-8go-sim-orange-offerte-30-go-internet-security-bitdefender.jpg,https://www.tunisianet.com.tn/pc-portable/28870-pc-portable-hp-spectre-x360-13-ae010nf-tactile-i7-8e-gen-8go-sim-orange-offerte-30-go-internet-security-bitdefender.html
Pc Portable HP EliteBook 840 G5 / i7 8è Gén / 8 Go + SIM Orange Offerte 30 Go + Internet Security Bitdefender,[3UP11EA],En stock,"4 599,000 TND",HP,https://www.tunisianet.com.tn/107179-home/pc-portable-hp-elitebook-840-g5-i7-8e-gen-8-go-sim-orange-offerte-30-go-internet-security-bitdefender.jpg,https://www.tunisianet.com.tn/informatique/31607-pc-portable-hp-elitebook-840-g5-i7-8e-gen-8-go-sim-orange-offerte-30-go-internet-security-bitdefender.html
Pc Portable HP EliteBook 830 G5 / i7 8è Gén / 8 Go + SIM Orange Offerte 30 Go + Internet Security Bitdefender,[3JX98EA],En stock,"4 639,000 TND",HP,https://www.tunisianet.com.tn/112847-home/pc-portable-hp-elitebook-830-g5-i7-8e-gen-8-go-sim-orange-offerte-30-go-internet-security-bitdefender.jpg,https://www.tunisianet.com.tn/pc-portable/32683-pc-portable-hp-elitebook-830-g5-i7-8e-gen-8-go-sim-orange-offerte-30-go-internet-security-bitdefender.html
Pc portable HP ENVY x360 15-cn0002nk Tactile / i7 8è Gén / 12 Go + SIM Orange Offerte 30 Go + Internet Security Bitdefender,[4DE91EA],En stock,"4 729,000 TND",HP,https://www.tunisianet.com.tn/103892-home/pc-portable-hp-envy-x360-15-cn0002nk-tactile-i7-8e-gen-12-go-sim-orange-offerte-30-go-internet-security-bitdefender.jpg,https://www.tunisianet.com.tn/pc-portable/31029-pc-portable-hp-envy-x360-15-cn0002nk-tactile-i7-8e-gen-12-go-sim-orange-offerte-30-go-internet-security-bitdefender.html
Pc Portable HP Spectre 13-af000nf Tactile / i5 8è Gén / 8Go + Souris Offerte + SIM Orange 30 Go + Internet Security Bitdefender,[2PF91EA],En stock,"4 779,000 TND",HP,https://www.tunisianet.com.tn/113840-home/pc-portable-hp-spectre-13-af000nf-tactile-i5-8e-gen-8go-souris-offerte-sim-orange-30-go-internet-security-bitdefender.jpg,https://www.tunisianet.com.tn/informatique/30504-pc-portable-hp-spectre-13-af000nf-tactile-i5-8e-gen-8go-souris-offerte-sim-orange-30-go-internet-security-bitdefender.html
Pc portable Asus ZenBook Pro 14 UX480FD / i7 8è Gén / 8 Go + SIM Orange Offerte 30 Go,[UX480FD-BE040T],En stock,"4 839,000 TND",Asus,https://www.tunisianet.com.tn/118510-home/pc-portable-asus-zenbook-pro-14-ux480fd-i7-8e-gen-8-go-sim-orange-offerte-30-go.jpg,https://www.tunisianet.com.tn/pc-portable/33703-pc-portable-asus-zenbook-pro-14-ux480fd-i7-8e-gen-8-go-sim-orange-offerte-30-go.html
PC Portable HP EliteBook x360 / i5 7è Gén / 8 Go + SIM Orange 30 Go + Internet Security Bitdefender,[Z2W63EA],En stock,"5 019,000 TND",HP,https://www.tunisianet.com.tn/80362-home/pc-portable-hp-elitebook-x360-8-go-sim-orange-30-go-internet-security-bitdefender.jpg,https://www.tunisianet.com.tn/pc-portable/26428-pc-portable-hp-elitebook-x360-8-go-sim-orange-30-go-internet-security-bitdefender.html
Pc Portable Dell XPS 13-9360 / i5 8è Gén / 8 Go / Silver + SIM Orange Offerte 30 Go + Internet Security Bitdefender,[XPS-13-9360-I5],Commande 24H,"5 119,000 TND",Dell,https://www.tunisianet.com.tn/109930-home/pc-portable-dell-xps-13-9360-i5-8e-gen-8-go-silver-sim-orange-offerte-30-go-internet-security-bitdefender.jpg,https://www.tunisianet.com.tn/pc-portable/32140-pc-portable-dell-xps-13-9360-i5-8e-gen-8-go-silver-sim-orange-offerte-30-go-internet-security-bitdefender.html
Pc Portable Dell Latitude 7490 / i7 8è Gén / 8 Go + SIM Orange Offerte 30 Go + Internet Security Bitdefender,[210-ANQQ],En stock,"5 289,000 TND",Dell,https://www.tunisianet.com.tn/110047-home/pc-portable-dell-latitude-7490-i7-8e-gen-8-go-sim-orange-offerte-30-go-internet-security-bitdefender.jpg,https://www.tunisianet.com.tn/pc-portable/32154-pc-portable-dell-latitude-7490-i7-8e-gen-8-go-sim-orange-offerte-30-go-internet-security-bitdefender.html
Pc Portable Dell Latitude 7390 / i7 8è Gén / 8 Go + SIM Orange Offerte 30 Go + Internet Security Bitdefender,[7390-I7],Commande 24H,"5 429,000 TND",Dell,https://www.tunisianet.com.tn/110032-home/pc-portable-dell-latitude-7390-i7-8e-gen-8-go-sim-orange-offerte-30-go-internet-security-bitdefender.jpg,https://www.tunisianet.com.tn/pc-portable/32153-pc-portable-dell-latitude-7390-i7-8e-gen-8-go-sim-orange-offerte-30-go-internet-security-bitdefender.html
Pc Portable Dell XPS 13-9365 2-en-1 / i5 7è Gén / 8 Go / Silver + SIM Orange Offerte 30 Go + Internet Security Bitdefender,[XPS-13-2-in-1-9365-I5],Commande 24H,"5 539,000 TND",Dell,https://www.tunisianet.com.tn/109962-home/pc-portable-dell-xps-13-9365-2-en-1-i5-7e-gen-8-go-silver-sim-orange-offerte-30-go-internet-security-bitdefender.jpg,https://www.tunisianet.com.tn/pc-portable/32145-pc-portable-dell-xps-13-9365-2-en-1-i5-7e-gen-8-go-silver-sim-orange-offerte-30-go-internet-security-bitdefender.html
Pc Portable Dell Latitude 7390 / i5 7è Gén / 8 Go / Windows 10 + SIM Orange Offerte 30 Go + Internet Security Bitdefender,[7390-I5-W10],Commande 24H,"5 719,000 TND",Dell,https://www.tunisianet.com.tn/110025-home/pc-portable-dell-latitude-7390-i5-7e-gen-8-go-windows-10-sim-orange-offerte-30-go-internet-security-bitdefender.jpg,https://www.tunisianet.com.tn/pc-portable/32152-pc-portable-dell-latitude-7390-i5-7e-gen-8-go-windows-10-sim-orange-offerte-30-go-internet-security-bitdefender.html
Pc Portable Lenovo ThinkPad X1 Yoga / i7 8è Gén / 16 Go + SIM Orange 30 Go + Internet Security Bitdefender,[20LES5DN00],En stock,"5 839,000 TND",Lenovo,https://www.tunisianet.com.tn/121322-home/pc-portable-lenovo-thinkpad-x1-yoga-i7-8e-gen-16-go-sim-orange-30-go-internet-security-bitdefender.jpg,https://www.tunisianet.com.tn/pc-portable/34279-pc-portable-lenovo-thinkpad-x1-yoga-i7-8e-gen-16-go-sim-orange-30-go-internet-security-bitdefender.html
Pc Portable Dell XPS 13-9360 / i7 8è Gén / 16 Go + SIM Orange Offerte 30 Go + Internet Security Bitdefender,[XPS-13-9360-I7],Commande 24H,"6 109,000 TND",Dell,https://www.tunisianet.com.tn/109945-home/pc-portable-dell-xps-13-9360-i7-8e-gen-16-go-sim-orange-offerte-30-go-internet-security-bitdefender.jpg,https://www.tunisianet.com.tn/pc-portable/32143-pc-portable-dell-xps-13-9360-i7-8e-gen-16-go-sim-orange-offerte-30-go-internet-security-bitdefender.html
Pc Portable HP Spectre Notebook 13-af006nf Tactile / i7 8è Gén / 16 Go + SIM Orange 30 Go + Internet Security Bitdefender,[2PG14EA],En stock,"6 149,000 TND",HP,https://www.tunisianet.com.tn/121756-home/pc-portable-hp-spectre-notebook-13-af006nf-tactile-i7-8e-gen-16-go-sim-orange-offerte-30-go-internet-security-bitdefender.jpg,https://www.tunisianet.com.tn/pc-portable/34372-pc-portable-hp-spectre-notebook-13-af006nf-tactile-i7-8e-gen-16-go-sim-orange-offerte-30-go-internet-security-bitdefender.html
Pc portable HP EliteBook 1040 G4 / i7 7è Gén / 8 Go + SIM Orange Offerte 30 Go + Internet Security Bitdefender,[1EP92EA],Commande 24H,"6 149,000 TND",HP,https://www.tunisianet.com.tn/124175-home/pc-portable-hp-elitebook-1040-g4-i7-7e-gen-8-go-sim-orange-offerte-30-go-internet-security-bitdefender.jpg,https://www.tunisianet.com.tn/pc-portable/34765-pc-portable-hp-elitebook-1040-g4-i7-7e-gen-8-go-sim-orange-offerte-30-go-internet-security-bitdefender.html
Pc Portable Dell XPS 13-9365 2-en-1 / i7 7è Gén / 8 Go / Silver + SIM Orange Offerte 30 Go + Internet Security Bitdefender,[XPS-13 2-in-1-9365-I7],Commande 24H,"6 389,000 TND",Dell,https://www.tunisianet.com.tn/109984-home/pc-portable-dell-xps-13-9365-2-en-1-i7-7e-gen-8-go-silver-sim-orange-offerte-30-go-internet-security-bitdefender.jpg,https://www.tunisianet.com.tn/pc-portable/32148-pc-portable-dell-xps-13-9365-2-en-1-i7-7e-gen-8-go-silver-sim-orange-offerte-30-go-internet-security-bitdefender.html
